{
  "summary": {
    "eng": {
      "precision": 0.967741935483871,
      "recall": 1.0,
      "f1-score": 0.9836065573770492,
      "support": 30.0
    },
    "fra": {
      "precision": 1.0,
      "recall": 1.0,
      "f1-score": 1.0,
      "support": 30.0
    },
    "spa": {
      "precision": 1.0,
      "recall": 0.9666666666666667,
      "f1-score": 0.9830508474576272,
      "support": 30.0
    },
    "accuracy": 0.9888888888888889,
    "macro avg": {
      "precision": 0.989247311827957,
      "recall": 0.9888888888888889,
      "f1-score": 0.9888858016115588,
      "support": 90.0
    },
    "weighted avg": {
      "precision": 0.989247311827957,
      "recall": 0.9888888888888889,
      "f1-score": 0.9888858016115588,
      "support": 90.0
    }
  },
  "top_k": {
    "k": 3,
    "accuracy": 1.0
  },
  "grid_search": {
    "best_params": {
      "classifier__C": 0.5,
      "vectorizer__char__ngram_range": [
        1,
        3
      ],
      "vectorizer__word__ngram_range": [
        1,
        1
      ]
    },
    "best_score": 0.9888888888888889
  }
}